Hilton;1
Ibis;1
Dedeman;1
Ramada;1
Kerthill;1
Fourseason;2
Mercure;2
Shariton;2
Wyndham;2
Radison;2
Hilton;3
Ibis;3
Dedeman;3
Ramada;3
Kerthill;3
Fourseason;4
Mercure;4
Shariton;4
Wyndham;4
Radison;4
Hilton;5
Ibis;5
Dedeman;5
Ramada;5
Kerthill;5
Fourseason;6
Mercure;6
Shariton;6
Wyndham;6
Radison;6
Hilton;7
Ibis;7
Dedeman;7
Ramada;7
Kerthill;7
Fourseason;8
Mercure;8
Shariton;8
Wyndham;8
Radison;8
Hilton;9
Ibis;9
Dedeman;9
Ramada;9
Kerthill;9
Fourseason;10
Mercure;10
Shariton;10
Wyndham;10
Radison;10
Hilton;11
Ibis;11
Dedeman;11
Ramada;11
Kerthill;11
Fourseason;12
Mercure;12
Shariton;12
Wyndham;12
Radison;12
Hilton;13
Ibis;13
Dedeman;13
Ramada;13
Kerthill;13
Fourseason;14
Mercure;14
Shariton;14
Wyndham;14
Radison;14
Hilton;15
Ibis;15
Dedeman;15
Ramada;15
Kerthill;15
Fourseason;16
Mercure;16
Shariton;16
Wyndham;16
Radison;16
Hilton;17
Ibis;17
Dedeman;17
Ramada;17
Kerthill;17
Fourseason;18
Mercure;18
Shariton;18
Wyndham;18
Radison;18
Hilton;19
Ibis;19
Dedeman;19
Ramada;19
Kerthill;19
Fourseason;20
Mercure;20
Shariton;20
Wyndham;20
Radison;20
Hilton;21
Ibis;21
Dedeman;21
Ramada;21
Kerthill;21
Fourseason;22
Mercure;22
Shariton;22
Wyndham;22
Radison;22
Hilton;23
Ibis;23
Dedeman;23
Ramada;23
Kerthill;23
Fourseason;24
Mercure;24
Shariton;24
Wyndham;24
Radison;24
Hilton;25
Ibis;25
Dedeman;25
Ramada;25
Kerthill;25
Fourseason;26
Mercure;26
Shariton;26
Wyndham;26
Radison;26
Hilton;27
Ibis;27
Dedeman;27
Ramada;27
Kerthill;27
Fourseason;28
Mercure;28
Shariton;28
Wyndham;28
Radison;28
Hilton;29
Ibis;29
Dedeman;29
Ramada;29
Kerthill;29
Fourseason;30
Mercure;30
Shariton;30
Wyndham;30
Radison;30
Hilton;31
Ibis;31
Dedeman;31
Ramada;31
Kerthill;31
Fourseason;32
Mercure;32
Shariton;32
Wyndham;32
Radison;32
Hilton;33
Ibis;33
Dedeman;33
Ramada;33
Kerthill;33
Fourseason;34
Mercure;34
Shariton;34
Wyndham;34
Radison;34
Hilton;35
Ibis;35
Dedeman;35
Ramada;35
Kerthill;35
Fourseason;36
Mercure;36
Shariton;36
Wyndham;36
Radison;36
Hilton;37
Ibis;37
Dedeman;37
Ramada;37
Kerthill;37
Fourseason;38
Mercure;38
Shariton;38
Wyndham;38
Radison;38
Hilton;39
Ibis;39
Dedeman;39
Ramada;39
Kerthill;39
Fourseason;40
Mercure;40
Shariton;40
Wyndham;40
Radison;40
Hilton;41
Ibis;41
Dedeman;41
Ramada;41
Kerthill;41
Fourseason;42
Mercure;42
Shariton;42
Wyndham;42
Radison;42
Hilton;43
Ibis;43
Dedeman;43
Ramada;43
Kerthill;43
Fourseason;44
Mercure;44
Shariton;44
Wyndham;44
Radison;44
Hilton;45
Ibis;45
Dedeman;45
Ramada;45
Kerthill;45
Fourseason;46
Mercure;46
Shariton;46
Wyndham;46
Radison;46
Hilton;47
Ibis;47
Dedeman;47
Ramada;47
Kerthill;47
Fourseason;48
Mercure;48
Shariton;48
Wyndham;48
Radison;48
Hilton;49
Ibis;49
Dedeman;49
Ramada;49
Kerthill;49
Fourseason;50
Mercure;50
Shariton;50
Wyndham;50
Radison;50
Hilton;51
Ibis;51
Dedeman;51
Ramada;51
Kerthill;51
Fourseason;52
Mercure;52
Shariton;52
Wyndham;52
Radison;52
Hilton;53
Ibis;53
Dedeman;53
Ramada;53
Kerthill;53
Fourseason;54
Mercure;54
Shariton;54
Wyndham;54
Radison;54
Hilton;55
Ibis;55
Dedeman;55
Ramada;55
Kerthill;55
Fourseason;56
Mercure;56
Shariton;56
Wyndham;56
Radison;56
Hilton;57
Ibis;57
Dedeman;57
Ramada;57
Kerthill;57
Fourseason;58
Mercure;58
Shariton;58
Wyndham;58
Radison;58
Hilton;59
Ibis;59
Dedeman;59
Ramada;59
Kerthill;59
Fourseason;60
Mercure;60
Shariton;60
Wyndham;60
Radison;60
Hilton;61
Ibis;61
Dedeman;61
Ramada;61
Kerthill;61
Fourseason;62
Mercure;62
Shariton;62
Wyndham;62
Radison;62
Hilton;63
Ibis;63
Dedeman;63
Ramada;63
Kerthill;63
Fourseason;64
Mercure;64
Shariton;64
Wyndham;64
Radison;64
Hilton;65
Ibis;65
Dedeman;65
Ramada;65
Kerthill;65
Fourseason;66
Mercure;66
Shariton;66
Wyndham;66
Radison;66
Hilton;67
Ibis;67
Dedeman;67
Ramada;67
Kerthill;67
Fourseason;68
Mercure;68
Shariton;68
Wyndham;68
Radison;68
Hilton;69
Ibis;69
Dedeman;69
Ramada;69
Kerthill;69
Fourseason;70
Mercure;70
Shariton;70
Wyndham;70
Radison;70
Hilton;71
Ibis;71
Dedeman;71
Ramada;71
Kerthill;71
Fourseason;72
Mercure;72
Shariton;72
Wyndham;72
Radison;72
Hilton;73
Ibis;73
Dedeman;73
Ramada;73
Kerthill;73
Fourseason;74
Mercure;74
Shariton;74
Wyndham;74
Radison;74
Hilton;75
Ibis;75
Dedeman;75
Ramada;75
Kerthill;75
Fourseason;76
Mercure;76
Shariton;76
Wyndham;76
Radison;76
Hilton;77
Ibis;77
Dedeman;77
Ramada;77
Kerthill;77
Fourseason;78
Mercure;78
Shariton;78
Wyndham;78
Radison;78
Hilton;79
Ibis;79
Dedeman;79
Ramada;79
Kerthill;79
Fourseason;80
Mercure;80
Shariton;80
Wyndham;80
Radison;80
Hilton;81
Ibis;81
Dedeman;81
Ramada;81
Kerthill;81